sector_id,onset_date,cases,status,synthetic
S01,2026-09-01,1,complete,true
S01,2026-09-02,1,complete,true
S01,2026-09-03,2,complete,true
S01,2026-09-04,2,complete,true
S01,2026-09-05,4,complete,true
S01,2026-09-06,6,complete,true
S01,2026-09-07,9,complete,true
S01,2026-09-08,12,complete,true
S01,2026-09-09,14,complete,true
S01,2026-09-10,13,complete,true
S01,2026-09-11,11,complete,true
S01,2026-09-12,7,incomplete,true
S01,2026-09-13,4,incomplete,true
S01,2026-09-14,2,incomplete,true
S02,2026-09-01,2,complete,true
S02,2026-09-02,2,complete,true
S02,2026-09-03,4,complete,true
S02,2026-09-04,5,complete,true
S02,2026-09-05,9,complete,true
S02,2026-09-06,15,complete,true
S02,2026-09-07,22,complete,true
S02,2026-09-08,29,complete,true
S02,2026-09-09,33,complete,true
S02,2026-09-10,31,complete,true
S02,2026-09-11,25,complete,true
S02,2026-09-12,16,incomplete,true
S02,2026-09-13,9,incomplete,true
S02,2026-09-14,4,incomplete,true
S03,2026-09-01,1,complete,true
S03,2026-09-02,1,complete,true
S03,2026-09-03,1,complete,true
S03,2026-09-04,2,complete,true
S03,2026-09-05,3,complete,true
S03,2026-09-06,4,complete,true
S03,2026-09-07,6,complete,true
S03,2026-09-08,8,complete,true
S03,2026-09-09,9,complete,true
S03,2026-09-10,9,complete,true
S03,2026-09-11,7,complete,true
S03,2026-09-12,5,incomplete,true
S03,2026-09-13,3,incomplete,true
S03,2026-09-14,1,incomplete,true
S04,2026-09-01,1,complete,true
S04,2026-09-02,1,complete,true
S04,2026-09-03,2,complete,true
S04,2026-09-04,3,complete,true
S04,2026-09-05,5,complete,true
S04,2026-09-06,7,complete,true
S04,2026-09-07,11,complete,true
S04,2026-09-08,15,complete,true
S04,2026-09-09,16,complete,true
S04,2026-09-10,15,complete,true
S04,2026-09-11,13,complete,true
S04,2026-09-12,8,incomplete,true
S04,2026-09-13,5,incomplete,true
S04,2026-09-14,2,incomplete,true
S05,2026-09-01,1,complete,true
S05,2026-09-02,1,complete,true
S05,2026-09-03,2,complete,true
S05,2026-09-04,4,complete,true
S05,2026-09-05,6,complete,true
S05,2026-09-06,10,complete,true
S05,2026-09-07,15,complete,true
S05,2026-09-08,19,complete,true
S05,2026-09-09,22,complete,true
S05,2026-09-10,21,complete,true
S05,2026-09-11,17,complete,true
S05,2026-09-12,11,incomplete,true
S05,2026-09-13,6,incomplete,true
S05,2026-09-14,2,incomplete,true
S06,2026-09-01,4,complete,true
S06,2026-09-02,4,complete,true
S06,2026-09-03,7,complete,true
S06,2026-09-04,11,complete,true
S06,2026-09-05,19,complete,true
S06,2026-09-06,30,complete,true
S06,2026-09-07,45,complete,true
S06,2026-09-08,60,complete,true
S06,2026-09-09,67,complete,true
S06,2026-09-10,63,complete,true
S06,2026-09-11,52,complete,true
S06,2026-09-12,34,incomplete,true
S06,2026-09-13,19,incomplete,true
S06,2026-09-14,7,incomplete,true
S07,2026-09-01,1,complete,true
S07,2026-09-02,1,complete,true
S07,2026-09-03,2,complete,true
S07,2026-09-04,3,complete,true
S07,2026-09-05,5,complete,true
S07,2026-09-06,9,complete,true
S07,2026-09-07,13,complete,true
S07,2026-09-08,17,complete,true
S07,2026-09-09,19,complete,true
S07,2026-09-10,18,complete,true
S07,2026-09-11,15,complete,true
S07,2026-09-12,10,incomplete,true
S07,2026-09-13,5,incomplete,true
S07,2026-09-14,2,incomplete,true
S08,2026-09-01,1,complete,true
S08,2026-09-02,1,complete,true
S08,2026-09-03,1,complete,true
S08,2026-09-04,2,complete,true
S08,2026-09-05,4,complete,true
S08,2026-09-06,6,complete,true
S08,2026-09-07,9,complete,true
S08,2026-09-08,11,complete,true
S08,2026-09-09,13,complete,true
S08,2026-09-10,12,complete,true
S08,2026-09-11,10,complete,true
S08,2026-09-12,6,incomplete,true
S08,2026-09-13,4,incomplete,true
S08,2026-09-14,1,incomplete,true
S09,2026-09-01,1,complete,true
S09,2026-09-02,1,complete,true
S09,2026-09-03,1,complete,true
S09,2026-09-04,2,complete,true
S09,2026-09-05,3,complete,true
S09,2026-09-06,5,complete,true
S09,2026-09-07,8,complete,true
S09,2026-09-08,10,complete,true
S09,2026-09-09,11,complete,true
S09,2026-09-10,11,complete,true
S09,2026-09-11,9,complete,true
S09,2026-09-12,6,incomplete,true
S09,2026-09-13,3,incomplete,true
S09,2026-09-14,1,incomplete,true
S10,2026-09-01,1,complete,true
S10,2026-09-02,1,complete,true
S10,2026-09-03,2,complete,true
S10,2026-09-04,3,complete,true
S10,2026-09-05,5,complete,true
S10,2026-09-06,8,complete,true
S10,2026-09-07,12,complete,true
S10,2026-09-08,17,complete,true
S10,2026-09-09,19,complete,true
S10,2026-09-10,18,complete,true
S10,2026-09-11,15,complete,true
S10,2026-09-12,9,incomplete,true
S10,2026-09-13,5,incomplete,true
S10,2026-09-14,2,incomplete,true
S11,2026-09-01,1,complete,true
S11,2026-09-02,1,complete,true
S11,2026-09-03,1,complete,true
S11,2026-09-04,2,complete,true
S11,2026-09-05,4,complete,true
S11,2026-09-06,6,complete,true
S11,2026-09-07,9,complete,true
S11,2026-09-08,12,complete,true
S11,2026-09-09,13,complete,true
S11,2026-09-10,13,complete,true
S11,2026-09-11,10,complete,true
S11,2026-09-12,7,incomplete,true
S11,2026-09-13,4,incomplete,true
S11,2026-09-14,1,incomplete,true
S12,2026-09-01,0,complete,true
S12,2026-09-02,0,complete,true
S12,2026-09-03,1,complete,true
S12,2026-09-04,1,complete,true
S12,2026-09-05,1,complete,true
S12,2026-09-06,2,complete,true
S12,2026-09-07,3,complete,true
S12,2026-09-08,4,complete,true
S12,2026-09-09,5,complete,true
S12,2026-09-10,4,complete,true
S12,2026-09-11,4,complete,true
S12,2026-09-12,2,incomplete,true
S12,2026-09-13,1,incomplete,true
S12,2026-09-14,1,incomplete,true
